SKU_ID,Branch_ID,Prediction,Demand_Share,Available_Inventory,Baseline_Allocation
10001,0,116.32718,0.09561347048705963,127.95989800000001,12.234689930950163
10001,1,101.68324,0.08357709235940046,111.85156400000001,9.348228494971393
10001,2,61.493416,0.050543638347155674,67.64275760000001,3.4189110769387163
10001,3,230.72183,0.18963852543683593,253.79401300000004,48.12912239001717
10001,4,217.48694,0.17876029590858222,239.23563400000003,42.76583272571728
10001,5,214.40063,0.17622354731638806,235.84069300000002,41.56068352201525
10001,6,145.18707,0.11933444645135953,159.705777,19.058400493379267
10001,7,129.33977,0.10630898369321838,142.273747,15.124977449796075
10002,0,108.429184,0.058041929224955664,119.27210240000002,6.922782926012466
10002,1,95.95261,0.051363243668510625,105.54787100000001,5.421281016865527
10002,2,209.94972,0.11238567274507258,230.94469200000003,25.954874577323586
10002,3,307.4565,0.16458086056197363,338.20215,55.661600890909696
10002,4,181.88202,0.09736108806400287,200.07022200000003,19.47905450312661
10002,5,316.60312,0.16947702828271902,348.263432,59.022651514900794
10002,6,323.0402,0.172922784563384,355.34422000000006,61.447112000903736
10002,7,324.80484,0.1738673928893816,357.28532400000006,62.12026780151801
10003,0,76.36547,0.06582983792895372,84.00201700000001,5.529839164815216
10003,1,195.69102,0.16869284155196898,215.26012200000002,36.31284165300352
10003,2,54.456795,0.046943755980029415,59.902474500000004,2.8120471455279348
10003,3,170.56091,0.14702976439894708,187.61700100000002,27.58528345426702
10003,4,86.84334,0.07486214643095922,95.527674,7.151406719196936
10003,5,187.43645,0.1615770992502035,206.18009500000002,33.31398167323139
10003,6,206.57368,0.17807409389070147,227.23104800000002,40.463962976434495
10003,7,182.11575,0.15699046056823657,200.327325,31.44947901615281
10004,0,317.20383,0.16027971342333264,348.924213,55.92547286610188
10004,1,323.44028,0.16343092511828267,355.784308,58.14615859900802
10004,2,293.7242,0.14841570671292853,323.09662000000003,47.952613193858525
10004,3,192.64415,0.097341035115123,211.908565,20.627399066860328
10004,4,203.45354,0.10280290463757183,223.79889400000002,23.007176357876048
10004,5,131.53096,0.06646119176775334,144.684056,9.615874791552363
10004,6,228.18181,0.11529783582757289,250.99999100000002,28.939755755040274
10004,7,288.88535,0.14597068739743513,317.77388500000006,46.38567243040351
10005,0,189.37889,0.1702063595508315,208.31677900000003,35.456840586945106
10005,1,162.06696,0.14565946217696293,178.27365600000002,25.967244853280903
10005,2,76.40812,0.06867263793405419,84.04893200000001,5.771861875979941
10005,3,127.79461,0.11485681080039219,140.574071,16.1458894762879
10005,4,95.4888,0.08582160887033098,105.03768000000001,9.014502689606989
10005,5,241.48386,0.21703627421663865,265.632246,57.65183298363762
10005,6,121.92975,0.10958570339303918,134.122725,14.697933160116161
10005,7,98.091866,0.08816114305775043,107.9010526,9.512680134350454
10006,0,95.49234,0.07106522253031612,105.04157400000001,7.464802831244669
10006,1,257.2932,0.1914771228094016,283.02252000000004,54.19233781986633
10006,2,227.20496,0.1690855103392751,249.92545600000003,42.25877327453605
10006,3,162.2199,0.1207237490708221,178.44189,21.54217395208324
10006,4,128.48703,0.0956198097063011,141.335733,13.51449589416058
10006,5,159.78351,0.11891059214618672,175.761861,20.899946968225763
10006,6,225.30856,0.16767421297231885,247.83941600000003,41.556279021319135
10006,7,87.93865,0.06544378042537845,96.732515,6.3305414716546275
10007,0,81.49809,0.07808436419006227,89.64789900000001,7.000099194389921
10007,1,173.44936,0.16618405406523293,190.79429600000003,31.70696960180206
10007,2,164.82541,0.15792133707938838,181.30795100000003,28.632394045044236
10007,3,120.44538,0.11540026173534179,132.48991800000002,15.289371214493974
10007,4,76.47214,0.07326893710212629,84.119354,6.1633356572974956
10007,5,114.59924,0.10979900010005572,126.05916400000001,13.841170160648941
10007,6,128.74194,0.1233493021676354,141.61613400000002,17.46825130457835
10007,7,183.68687,0.17599274356015732,202.05555700000002,35.56031182800575
10008,0,237.78793,0.1640790247453665,261.566723,42.91761281568143
10008,1,117.6094,0.08115313360475324,129.37034,10.49880848651235
10008,2,251.68398,0.1736676120711103,276.852378,48.08029138346839
10008,3,250.535,0.17287479000544898,275.5885,47.642304065416674
10008,4,77.74954,0.05364893288570561,85.524494,4.5882978386899325
10008,5,222.61105,0.15360663588577447,244.87215500000002,37.61398795164993
10008,6,149.84079,0.1033935182928556,164.824869,17.04182310806903
10008,7,141.41039,0.09757635250898535,155.551429,15.178141069380407
10009,0,309.03793,0.16874814802526814,339.941723,57.3645361927687
10009,1,192.33934,0.10502564334870601,211.573274,22.220619217242053
10009,2,176.52667,0.09639123792852114,194.179337,18.71718667356949
10009,3,173.18987,0.09456920003067891,190.50885700000003,18.016270205249008
10009,4,182.46338,0.09963293974118566,200.709718,19.997299238964366
10009,5,258.7376,0.14128198057922087,284.61136,40.210456636145636
10009,6,237.61069,0.12974576903393736,261.37175900000005,33.911879875207944
10009,7,301.4505,0.1646050813124819,331.59555,54.58231247060716
10010,0,139.27982,0.12481394382175198,153.20780200000002,19.122469991882102
10010,1,78.54072,0.07038332626937593,86.394792,6.08075283331087
10010,2,180.53058,0.16178031871543416,198.583638,32.126924247310406
10010,3,184.65211,0.16547377849934017,203.117321,33.61059058453338
10010,4,204.21019,0.18300051782440055,224.63120900000004,41.10762756652115
10010,5,106.74495,0.09565820944165296,117.41944500000001,11.23213386233265
10010,6,140.917,0.12628108308533012,155.0087,19.57466652364901
10010,7,81.02415,0.07260882234271417,89.12656500000001,6.471374924101367
10011,0,108.9191,0.09192513637743013,119.81101000000001,11.013643433767646
10011,1,97.207054,0.08204044741278815,106.92775940000001,8.772401222022966
10011,2,159.59346,0.1346930940068908,175.552806,23.645750601731464
10011,3,126.731285,0.10695819793692718,139.4044135,14.910444852414244
10011,4,179.35963,0.15137527254958413,197.29559300000003,29.865674163206826
10011,5,95.91141,0.08094695461495381,105.50255100000001,8.54011020755885
10011,6,202.21388,0.17066371734993485,222.435268,37.96162970660901
10011,7,214.93161,0.18139717975149103,236.42477100000002,42.886786682792106
10012,0,121.34319,0.0824059137014634,133.47750900000003,10.999336087740307
10012,1,153.34367,0.10413790206673881,168.67803700000002,17.565776897915747
10012,2,322.0635,0.21871797657034772,354.26985,77.48518475188061
10012,3,210.92093,0.1432394513067639,232.013023,33.233418110543596
10012,4,95.28626,0.06471027602369117,104.814886,6.7826002044517235
10012,5,116.91102,0.07939596301094491,128.602122,10.210489321441026
10012,6,321.99835,0.21867373226394993,354.198185,77.45383907506701
10012,7,130.63893,0.0887187850561001,143.702823,12.749139865691799
10013,0,136.28679,0.12429002065079589,149.915469,18.63299673788375
10013,1,182.61308,0.166538396599593,200.874388,33.45329849544453
10013,2,183.9259,0.1677356544182765,202.31849000000003,33.936024321067535
10013,3,143.32768,0.13071112986835087,157.660448,20.60797529363038
10013,4,93.924416,0.08565663337036512,103.3168576,8.849774192421423
10013,5,113.48155,0.10349223276140208,124.829705,12.918904885397158
10013,6,102.97489,0.0939104311181842,113.27237900000002,10.637457945672356
10013,7,139.98808,0.12766550121303222,153.98688800000002,19.65881323675506
10014,0,185.34372,0.12063998599057715,203.878092,24.595850162665602
10014,1,219.12204,0.14262625049193298,241.03424400000003,34.3778104618777
10014,2,212.1993,0.13812024804083073,233.41923,32.23992194509972
10014,3,93.49954,0.060858728829471034,102.849494,6.259289465594309
10014,4,239.2128,0.15570330001343846,263.13408,40.97084460200011
10014,5,151.71707,0.09875244329471435,166.88877700000003,16.48067448721673
10014,6,211.3543,0.13757023864120263,232.48973,31.983667637728768
10014,7,223.88861,0.14572880469783273,246.27747100000002,35.88972147283516
10015,0,278.90118,0.1493581565217911,306.79129800000004,45.821782706207465
10015,1,308.08188,0.16498510925829593,338.89006800000004,55.91181489553134
10015,2,89.38436,0.04786743186773223,98.32279600000001,4.706459738574935
10015,3,317.80997,0.17019473077684982,349.59096700000003,59.498540510583595
10015,4,229.83382,0.12308142856032792,252.81720200000004,31.117102386784996
10015,5,120.00775,0.0642669791082561,132.00852500000002,8.483789118286705
10015,6,308.151,0.16502212464768506,338.96610000000004,55.93690600553969
10015,7,215.16147,0.11522403925906179,236.67761700000003,27.270951032949192
10016,0,108.01008,0.07588412856945431,118.81108800000001,9.015875877268751
10016,1,98.451805,0.06916881673002043,108.2969855,7.49077434246318
10016,2,221.24442,0.15543864065793073,243.368862,37.828925087747535
10016,3,203.40518,0.14290541059513148,223.74569800000003,31.974470841584292
10016,4,202.26505,0.14210439487969184,222.49155500000003,31.61702778911668
10016,5,205.23875,0.1441936131556804,225.76262500000004,32.55352861426095
10016,6,197.1717,0.13852598417719786,216.88887,30.044744173830324
10016,7,187.56836,0.13177901123489302,206.32519600000003,27.18933032172551
10017,0,148.7015,0.16398819049911192,163.57165000000003,26.823818900454068
10017,1,151.17714,0.16671832922620763,166.29485400000002,27.724400217796134
10017,2,63.67101,0.0702164653157558,70.03811100000001,4.917828591812556
10017,3,147.03378,0.16214902690587865,161.73715800000002,26.22552278422235
10017,4,49.86243,0.0549883469204321,54.848673000000005,3.0160378590493373
10017,5,119.65817,0.13195917174161068,131.623987,17.36899230584853
10017,6,107.69253,0.11876344976325946,118.46178300000001,14.068930014186645
10017,7,118.9852,0.1312170196277437,130.88372,17.17417165619211
10018,0,307.56055,0.16709331271222852,338.316605,56.53044227500449
10018,1,328.5202,0.17848039519660067,361.37222,64.49785663867293
10018,2,116.35666,0.06321493369526895,127.99232600000002,8.09102640159325
10018,3,244.94638,0.13307591650186723,269.44101800000004,35.85611041354611
10018,4,323.00912,0.17548630309401433,355.31003200000004,62.35204396789594
10018,5,144.68144,0.07860338752019896,159.14958400000003,12.509696424830459
10018,6,150.06158,0.08152634176597452,165.067738,13.457368822724339
10018,7,225.51553,0.12251940951384681,248.06708300000003,30.393032528982427
10019,0,104.20786,0.09371489637996139,114.628646,10.742411682065276
10019,1,70.40335,0.06331425143988328,77.44368500000002,4.903288944521119
10019,2,240.1611,0.21597864691778093,264.17721,57.056636362314464
10019,3,134.36674,0.12083699939729318,147.803414,17.860121048435875
10019,4,131.95001,0.11866361630000721,145.145011,17.223431893164328
10019,5,94.06692,0.08459507431188125,103.473612,8.753357896458768
10019,6,213.76208,0.19223781370392806,235.13828800000002,45.202470403204586
10019,7,123.04881,0.11065870154926469,135.35369100000003,14.978063695960397
10020,0,221.52716,0.1612792426119593,243.67987600000004,39.300505841056165
10020,1,151.44868,0.11025974605091758,166.593548,18.368562296201347
10020,2,214.97449,0.15650867788894246,236.47193900000002,37.00991053072465
10020,3,79.90371,0.05817259531826995,87.89408100000001,5.113026804884241
10020,4,207.05092,0.15074005173771637,227.756012,34.33195303245595
10020,5,151.5455,0.11033023427579118,166.70005,18.392055570286104
10020,6,141.06868,0.10270275602625362,155.17554800000002,15.93695644748421
10020,7,206.04361,0.1500066960901495,226.647971,33.99871330524602
10021,0,187.22957,0.15701099138753025,205.952527,32.33681044303709
10021,1,85.00398,0.07128446201999926,93.504378,6.665409282244655
10021,2,186.1586,0.15611287437830834,204.77446000000003,31.967929549865932
10021,3,237.05728,0.19879658190974506,260.763008,51.83879467890351
10021,4,79.95368,0.0670492730495581,87.94904800000002,5.896919733800693
10021,5,238.04463,0.19962457506460024,261.84909300000004,52.271513921175995
10021,6,64.811554,0.054351064027474146,71.2927094,3.874834613291508
10021,7,114.202255,0.0957701781627845,125.62248050000001,12.030887338735923
10022,0,194.88599,0.11953291569001745,214.37458900000001,25.624819673019143
10022,1,184.96248,0.11344635151893956,203.458728,23.081650376284312
10022,2,106.38722,0.0652523796028403,117.02594200000001,7.636221190763973
10022,3,209.74908,0.12864916095661225,230.72398800000002,29.682447468763474
10022,4,265.22073,0.16267258184302977,291.74280300000004,47.45855499813241
10022,5,118.15862,0.07247234325314411,129.97448200000002,9.419555273653602
10022,6,252.71562,0.15500259869378238,277.987182,43.08873561356145
10022,7,298.31628,0.1829716684416342,328.14790800000003,60.04177022239189
10023,0,150.54659,0.14152288826640388,165.60124900000002,23.43636705900393
10023,1,118.19534,0.11111075911071526,130.01487400000002,14.446051345824
10023,2,215.67896,0.20275125034379182,237.246856,48.10209669413353
10023,3,135.99136,0.12784009286743925,149.590496,19.1236629007263
10023,4,173.0106,0.16264041458995182,190.31166000000002,30.952367283701953
10023,5,102.70698,0.09655076514665512,112.97767800000001,10.908081255392425
10023,7,167.6316,0.15758382967504284,184.39476000000002,29.057632452810406
10024,0,198.49017,0.11992468042915537,218.33918700000004,26.184257226136598
10024,1,198.93283,0.12019212873170239,218.82611300000002,26.301176343554054
10024,2,219.2025,0.13243874878928225,241.12275,31.933995314630906
10024,3,97.68517,0.05901986377923761,107.453687,6.341901969316836
10024,4,312.00137,0.18850638593693916,343.20150700000005,64.69567573268114
10024,5,140.56161,0.08492514344593272,154.617771,13.130936381465377
10024,6,267.39908,0.16155837448297897,294.13898800000004,47.520616773348465
10024,7,220.85088,0.13343467440477147,242.935968,32.41608179128798
10025,0,75.87117,0.08052057152932332,83.45828700000001,6.7201089680982955
10025,1,137.47462,0.1458990941246397,151.222082,22.063164775441983
10025,2,98.125565,0.10413872061598317,107.93812150000001,11.240537878702547
10025,3,212.09676,0.22509409482834808,233.30643600000002,52.515901029047924
10025,4,208.4809,0.22125665415397838,229.32899,50.74056502791117
10025,5,73.15966,0.0776428996164284,80.475626,6.2483609510872355
10025,6,72.58405,0.07703201611248357,79.84245500000002,6.1504252800202455
10025,7,64.46549,0.06841594901881541,70.91203900000001,4.85151444504425
10026,0,132.78143,0.1514222761151591,146.059573,22.11667299206824
10026,1,64.25344,0.07327381647440313,70.67878400000001,5.178904247449982
10026,2,55.364525,0.06313700938101531,60.9009775,3.8451055877305027
10026,3,87.44822,0.09972485244826161,96.19304200000002,9.592836919999433
10026,4,140.18594,0.1598662863786233,154.204534,24.65210619332615
10026,5,141.55469,0.16142719169823483,155.710159,25.135853686255626
10026,6,134.76767,0.153687359280109,148.24443700000003,22.78329605049649
10026,7,120.53904,0.13746120822419375,132.59294400000002,18.226386284242864
10027,0,106.69997,0.07130898777865857,117.369967,8.369533542384561
10027,1,169.89366,0.11354215867737898,186.88302600000003,21.219102192200744
10027,2,308.43103,0.20612849796329913,339.27413300000006,69.93406743309059
10027,3,132.78085,0.08873918155637622,146.058935,12.961150350895952
10027,4,170.40924,0.11388672754575749,187.45016400000003,21.348085755875562
10027,5,256.78812,0.17161486466008108,282.46693200000004,48.475524306128335
10027,6,258.0057,0.17242858932504151,283.80627000000004,48.93631477770186
10027,7,93.29608,0.06235099249340701,102.62568800000001,6.39881350211873
10028,0,190.06635,0.13556725711364914,209.07298500000002,28.343451113013113
10028,1,199.00423,0.14194231443447916,218.90465300000002,31.071833087296554
10028,2,234.33531,0.16714265950588664,257.768841,43.08416962249003
10028,3,112.007866,0.07989104419994997,123.20865260000002,9.843267910682883
10028,4,185.49652,0.1323077673692748,204.046172,26.996893457567033
10028,5,176.17038,0.1256557786334576,193.787418,24.350508898157315
10028,6,175.27386,0.12501632426740317,192.80124600000002,24.10330308909537
10028,7,129.65327,0.09247685447589946,142.618597,13.18891924032595
10029,0,158.77112,0.12929931712965645,174.648232,22.581897135501816
10029,1,215.88554,0.17581190395436608,237.474094,41.750772605978106
10029,2,169.88086,0.1383468176794292,186.86894600000002,25.8527240022091
10029,3,95.06193,0.07741611090245634,104.56812300000001,8.095257407029697
10029,4,184.20851,0.15001490543413368,202.62936100000002,30.397424428593936
10029,5,112.340164,0.09148708210557194,123.57418040000002,11.30544118838356
10029,6,92.72601,0.07551379478306695,101.99861100000001,7.702302179211876
10029,7,199.06058,0.16211006801131936,218.96663800000002,35.49669657838995
10030,0,211.00111,0.1400258701145868,232.10122100000004,32.500175425183016
10030,1,157.24644,0.10435286138267788,172.97108400000002,18.050027551863533
10030,2,255.87433,0.16980491570986012,281.461763,47.793590941763625
10030,3,225.22961,0.14946827585797556,247.75257100000002,37.03114962675068
10030,4,251.65526,0.16700503021245988,276.820786,46.23046372936689
10030,5,88.412346,0.058672751425439935,97.2535806,5.706135159777788
10030,6,166.59,0.11055349283417996,183.24900000000002,20.258817008370645
10030,7,150.86324,0.10011680246281991,165.949564,16.614339717779092
10031,0,153.35664,0.11494407714337654,168.692304,19.39018120446993
10031,1,235.56395,0.17656021181083842,259.12034500000004,45.75034299769754
10031,2,109.840065,0.08232747473336331,120.8240715,9.947140693598332
10031,3,224.09695,0.1679654503932493,246.50664500000002,41.404599652353824
10031,4,205.4864,0.15401644567535341,226.03504,34.813113458886335
10031,5,186.26373,0.1396086439435101,204.89010300000004,28.604429437276117
10031,6,120.62771,0.0904130450684682,132.690481,11.996950438809725
10031,7,98.94935,0.0741646512318408,108.844285,8.07239843560408
10032,0,161.3052,0.1330077406607808,177.43572000000003,23.60032422971892
10032,1,156.35658,0.12892724749881979,171.99223800000001,22.17448583650192
10032,2,149.0617,0.1229120941919734,163.96787,20.15363428189725
10032,3,224.98592,0.18551707508305482,247.48451200000002,45.912602794597184
10032,4,134.72707,0.11109216061569534,148.199777,16.463833429694233
10032,5,160.00717,0.13193742155383376,176.007887,23.222026783918537
10032,6,109.69076,0.0904479220692448,120.65983600000001,10.91343144341586
10032,7,116.61607,0.09615833832659738,128.277677,12.33496826471598
10033,0,74.05179,0.06287172753245675,81.456969,5.121340360587776
10033,1,132.01178,0.1120811348818796,145.212958,16.275633132194717
10033,2,223.67714,0.18990720145075743,246.04485400000002,46.7256896545002
10033,3,138.91446,0.11794167405593249,152.805906,18.022184359273457
10033,4,225.33536,0.1913150695931598,247.86889600000003,47.421055088219696
10033,5,108.18315,0.09185006237395339,119.00146500000001,10.930291982841833
10033,6,177.01732,0.1502919066718807,194.71905200000003,29.26469759042109
10033,7,98.63237,0.08374122343997979,108.495607,9.085554868043236
10034,0,122.71433,0.07306208554797385,134.98576300000002,9.862341364064525
10034,1,282.5131,0.16820363425056625,310.76441000000005,52.27170315773302
10034,2,100.01499,0.05954727337434632,110.016489,6.551181946168765
10034,3,330.40768,0.19671927623992705,363.44844800000004,71.49731564108477
10034,4,220.6055,0.13134487156759558,242.66605,31.87294117106573
10034,5,274.91086,0.16367738609979013,302.40194600000007,49.496360072769896
10034,6,185.69386,0.11055905765083407,204.263246,22.583151990460504
10034,7,162.72943,0.09688641526896673,179.00237300000003,17.34289824460848
10035,0,100.87056,0.10139079485029653,110.957616,11.25008088093398
10035,1,201.77313,0.20281376479056143,221.95044300000004,45.01460494176292
10035,2,81.88452,0.08230683530194542,90.07297200000001,7.413621271560742
10035,3,145.53201,0.14628258403702038,160.08521100000002,23.41767833119164
10035,4,182.77272,0.18371536112965656,201.049992,36.935971885394565
10035,5,22.444143,0.022559897541004226,24.688557300000003,0.556971323123212
10035,6,170.21382,0.17109168923326393,187.23520200000002,32.0343869941114
10035,7,89.37811,0.08983907311625154,98.31592100000002,8.832611215210612
10036,0,123.13886,0.11862560805170184,135.452746,16.068164356522725
10036,1,210.51303,0.20279736377741478,231.564333,46.96063627727541
10036,2,242.98271,0.23407697391221857,267.280981,62.56432321676919
10036,3,98.73883,0.09511988130362438,108.612713,10.33122836862462
10036,4,105.5221,0.1016545327396444,116.07431,11.799479746126632
10036,5,58.69067,0.05653955555307054,64.559737,3.6501788366031236
10036,6,104.337,0.10051286870197122,114.77070000000002,11.53593229993333
10036,7,94.122986,0.09067321596035419,103.53528460000001,9.387877220052534
10037,0,80.474625,0.07368789776970944,88.52208750000001,6.523006534061275
10037,1,69.94174,0.06404329050251054,76.935914,4.927229090378167
10037,2,140.20398,0.12838005203685493,154.224378,19.799333672991583
10037,3,150.30045,0.1376250488193182,165.330495,22.753617445697046
10037,4,203.50786,0.18634527819188146,223.85864600000002,41.71500166452792
10037,5,158.96204,0.14555617441876195,174.858244,25.451697062222436
10037,6,147.7272,0.13526881065187218,162.49992000000003,21.98117090942438
10037,7,140.98308,0.12909344760909128,155.081388,20.01999103692316
10038,0,197.46423,0.1266891679585154,217.210653,27.518236900295808
10038,1,128.62502,0.08252328415352697,141.487522,11.6760149821844
10038,2,183.38022,0.1176531440243608,201.71824200000003,23.73278537836687
10038,3,314.02283,0.20147087425747098,345.425113,69.5930995065957
10038,4,159.6437,0.10242425943584235,175.60807,17.986526520707564
10038,5,259.62646,0.1665712326602888,285.589106,47.570929420769886
10038,6,122.339,0.07849029730031011,134.5729,10.562666929564903
10038,7,193.54979,0.12417774020968449,212.90476900000002,26.43803309428489
10039,0,185.22878,0.15082482174516726,203.75165800000002,30.730807498132286
10039,1,152.3291,0.12403585098439755,167.56201000000001,20.783696503006134
10039,2,114.48675,0.09322225013269281,125.93542500000001,11.739983689916976
10039,3,285.1636,0.2321979831547245,313.67996,72.83585406805466
10039,4,131.10513,0.10675397128959646,144.21564300000003,15.395592612332695
10039,5,172.60062,0.14054218650365968,189.860682,26.683435379356023
10039,6,61.521008,0.05009424056662797,67.67310880000001,3.3900329921187886
10039,7,125.670425,0.10232869562313378,138.2374675,14.145659735520349
10040,0,78.60499,0.05687718642629192,86.465489,4.917913737293493
10040,1,202.76529,0.14671739287939792,223.041819,32.72411418675856
10040,2,241.684,0.1748782860255047,265.85240000000005,46.49181204776689
10040,3,224.82034,0.16267603864083355,247.30237400000001,40.23017054879387
10040,4,201.38841,0.14572110676007352,221.527251,32.2811961932366
10040,5,141.16443,0.10214409545591491,155.280873,15.861024314189802
10040,6,204.18727,0.14774631256445175,224.60599700000003,33.18470783661232
10040,7,87.3979,0.06323958124753173,96.13769000000002,6.079707257705021
10041,0,308.35614,0.1827243030673268,339.191754,61.978576855834156
10041,1,88.15098,0.05223611368725093,96.96607800000001,5.065131074214841
10041,2,321.25543,0.1903681066747832,353.38097300000004,67.27246676490269
10041,3,173.00267,0.10251714885436276,190.30293700000001,19.509314519851422
10041,4,232.32751,0.13767159735530934,255.560261,35.18338935240976
10041,5,168.40137,0.09979053106850097,185.241507,18.48534835945944
10041,6,206.94313,0.12262943492489305,227.63744300000002,27.91505100283755
10041,7,189.11136,0.11206276436757297,208.02249600000002,23.311575952402393
10042,0,123.42887,0.0727923230341859,135.771757,9.883141594462991
10042,1,137.92586,0.08134194014648193,151.718446,12.34107275364925
10042,2,217.00955,0.12798164047927615,238.710505,30.550562029536454
10042,3,103.75991,0.06119253045675664,114.13590100000002,6.984264598151862
10042,4,244.75983,0.14434740114814648,269.235813,38.86348990255835
10042,5,171.60434,0.10120386382333621,188.76477400000002,19.103724482538837
10042,6,337.82306,0.19923155183967223,371.605366,74.03551374012937
10042,7,359.3189,0.21190874907214444,395.25079,83.75710047867686
10043,0,267.5647,0.16674666597748916,294.32117000000005,49.077073824093816
10043,1,147.99266,0.09222921650030859,162.79192600000002,15.014171787556217
10043,2,257.9149,0.16073289817721662,283.70639,45.600950296095704
10043,3,150.34315,0.09369404489849949,165.37746500000003,15.49488363091003
10043,4,221.63586,0.13812375367921684,243.79944600000002,33.67449462643353
10043,5,162.05331,0.10099183170693482,178.25864100000004,18.002666672178915
10043,6,286.03174,0.17825534911271937,314.63491400000004,56.08535643812044
10043,7,111.08167,0.0692262399476152,122.18983700000001,8.458742975321991
10044,0,55.76621,0.04982779382371962,61.342831000000004,3.0565779356312768
10044,1,131.19112,0.11722087764011327,144.310232,16.91617204748836
10044,2,105.27495,0.0940644613181063,115.80244500000002,10.892894608244633
10044,3,228.74084,0.20438275103480116,251.614924,51.42575036853242
10044,4,238.21823,0.2128509154466732,262.040053,55.775465164744766
10044,5,73.334564,0.06552533398171351,80.6680204,5.285798978353679
10044,6,95.788666,0.0855883500079554,105.36753260000002,9.018233259643452
10044,7,190.86421,0.17053951674691764,209.95063100000004,35.804879151450436
10045,0,91.22366,0.04820925193235138,100.34602600000001,4.837606847844282
10045,1,350.54657,0.18525443845545822,385.601227,71.43433877562067
10045,2,168.02423,0.08879628853752801,184.826653,16.411920809213566
10045,3,208.94925,0.1104240614148333,229.84417500000004,25.380327296041695
10045,4,320.08804,0.16915792417112582,352.09684400000003,59.55997123824472
10045,5,315.46597,0.16671528443184153,347.01256700000005,57.85229880882847
10045,6,249.20827,0.13169987119630416,274.129097,36.10276676605917
10045,7,188.73785,0.0997428798605575,207.61163500000004,20.70778236745892
10046,0,60.091278,0.06925472464837949,66.1004058,4.577765402825147
10046,1,83.0506,0.09571516243809469,91.35566000000001,8.744121836539351
10046,2,154.38454,0.17792696650030856,169.822994,30.216090164420102
10046,3,124.50696,0.14349329085007645,136.95765600000001,19.65250476655272
10046,4,97.66298,0.11255581530884055,107.42927800000001,12.091789973330089
10046,5,50.66904,0.05839566955786373,55.73594400000001,3.254737768319598
10046,6,97.51022,0.11237976061189624,107.26124200000001,12.053992698894671
10046,7,199.80927,0.2302786100845403,219.790197,50.612981075367294
10047,0,152.01788,0.08612075310901274,167.219668,14.401083742799079
10047,1,192.06262,0.10880678955982108,211.26888200000002,22.987488784312674
10047,2,243.8713,0.13815730108638521,268.25843000000003,37.061860682471
10047,3,296.8058,0.16814560907653106,326.48638,54.89725122029177
10047,4,282.2686,0.1599100343395571,310.49546000000004,49.65133967087659
10047,5,292.78513,0.16586783011787953,322.063643,53.419997624269406
10047,6,190.60365,0.10798025787049967,209.664015,22.639574405864312
10047,7,114.7563,0.06501142484031351,126.23193,8.206517629642716
10048,0,224.40079,0.18816266707600565,246.84086900000003,46.446236254398926
10048,1,152.15889,0.1275869954010615,167.37477900000002,21.354845158526686
10048,2,86.423775,0.07246733847406073,95.06615250000002,6.889191050644175
10048,3,155.28735,0.13021024542366882,170.81608500000002,22.242004350160276
10048,4,141.21748,0.11841249611711477,155.33922800000002,18.394105732385608
10048,5,137.20209,0.11504554499474874,150.922299,17.362938140315425
10048,6,84.32491,0.07070741580965086,92.75740100000002,6.558636121929525
10048,7,211.57405,0.17740729670368885,232.731455,41.288258289466214
10049,0,103.14687,0.08607313952144971,113.46155700000001,9.76599242598192
10049,1,195.81238,0.1633998811962702,215.393618,35.195291591634806
10049,2,166.27896,0.13875507927251263,182.90685600000003,25.379255303766055
10049,3,79.65204,0.06646736980082955,87.617244,5.823687757877514
10049,4,174.34639,0.1454871209522023,191.78102900000002,27.901669762460816
10049,5,136.3588,0.11378755378013367,149.99468000000002,17.06752771723394
10049,6,141.54381,0.11811429766630406,155.698191,18.390182477879065
10049,7,201.2238,0.167915557810298,221.34618000000003,37.16746728387863
10050,0,214.67494,0.19852088100405843,236.142434,46.87920404012272
10050,1,109.27821,0.10105514189847455,120.20603100000001,12.147437519757432
10050,2,194.00932,0.17941032674516316,213.410252,38.28800304208761
10050,3,123.14934,0.11388248424277345,135.46427400000002,15.427008049263746
10050,4,104.30421,0.09645543006385525,114.73463100000001,11.066778176322739
10050,5,140.47404,0.12990351914852916,154.521444,20.072879359512378
10050,6,75.03639,0.06938998212909304,82.540029,5.727451137244822
10050,7,120.44564,0.11138223476805287,132.490204,14.757055006395218
10051,0,196.40715,0.16315481919071095,216.04786500000003,35.24925035061413
10051,1,129.26535,0.10738033114819888,142.191885,15.268611697886614
10051,2,179.5484,0.1491503070941228,197.50324,29.45766889808424
10051,3,104.92127,0.08715777829936316,115.41339700000002,10.059175268502388
10051,4,127.93291,0.10627347731277348,140.72620100000003,14.955462729286303
10051,5,94.5979,0.07858218639352464,104.05769000000001,8.177080791259606
10051,6,211.01529,0.1752897564392408,232.11681900000002,40.687700667961344
10051,7,160.12018,0.13301134412206528,176.13219800000002,23.42758039915374
10052,0,59.272717,0.051359506349266,65.1999887,3.3486392336097217
10052,1,110.67705,0.09590109817629973,121.744755,11.675455701704557
10052,2,139.24428,0.12065445696978885,153.168708,18.480487288504154
10052,3,153.73376,0.13320951733689776,169.107136,22.526679964785128
10052,4,210.1204,0.18206825271583738,231.13244,42.08187949674812
10052,5,187.91383,0.16282637330426225,206.70521300000001,33.657060175875046
10052,6,220.28458,0.19087546273870648,242.31303800000003,46.251613255871774
10052,7,72.82828,0.06310533240894158,80.11110800000002,5.05543809998862
10053,0,207.85922,0.13102281409115374,228.64514200000002,29.95772993311145
10053,1,183.59045,0.11572514031016405,201.949495,23.370633644441774
10053,2,127.75065,0.080526856903312,140.525715,11.316094143040605
10053,3,228.69487,0.14415644124716034,251.56435700000003,36.26462244975018
10053,4,200.27295,0.1262408542442184,220.30024500000002,27.81089111901061
10053,5,262.25967,0.16531381184831412,288.48563700000005,47.69066031595906
10053,6,123.35033,0.0777531415525973,135.68536300000002,10.54996323595455
10053,7,252.65718,0.15926093980308004,277.92289800000003,44.26226192827556
10054,0,72.68312,0.09686944223271526,79.95143200000001,7.7448506235468635
10054,1,43.54836,0.0580396843634325,47.90319600000001,2.7802863758396428
10054,2,154.65244,0.2061151970736598,170.11768400000003,35.06383996337459
10054,3,47.138134,0.06282400574536413,51.85194740000001,3.2575470413659193
10054,4,68.59715,0.09142380870900842,75.45686500000001,6.898553991541473
10054,5,182.76817,0.24358682849324687,201.04498700000002,48.971910767796054
10054,6,94.68526,0.1261931012848599,104.15378600000001,13.143489265899623
10054,7,86.24778,0.11494793209771313,94.87255800000001,10.905404354920352
10055,0,96.33394,0.05868975810201881,105.96733400000001,6.219197199175834
10055,1,318.4531,0.19401194849746628,350.29841000000005,67.96207707966434
10055,2,188.48238,0.11482957396627594,207.33061800000002,23.807686535104704
10055,3,124.6667,0.07595099366201516,137.13337,10.415415715720782
10055,4,150.6991,0.09181077536319954,165.76901,15.219381339289978
10055,5,123.04566,0.07496340356164455,135.35022600000002,10.146313613797796
10055,6,308.60812,0.1880140676392847,339.468932,63.824934742483734
10055,7,331.12073,0.2017294792080951,364.232803,73.4764936596947
10056,0,281.5107,0.13266035916632027,309.66177,41.07984162827846
10056,1,281.407,0.13261149111531706,309.5477,41.04958206831683
10056,2,340.46564,0.16044254831589386,374.51220400000005,60.08769238516191
10056,3,355.2529,0.16741096274094328,390.77819000000005,65.42055300606326
10056,4,86.04796,0.040549624860188836,94.65275600000001,3.8381337477829884
10056,5,185.40373,0.08737048152192961,203.944103,17.81869448266801
10056,6,328.86154,0.1549741804215229,361.747694,56.06155239702586
10056,7,263.09137,0.12398035185788411,289.400507,35.879976685710055
10057,0,122.23096,0.05959304486226009,134.454056,8.01252659112083
10057,1,293.2943,0.1429940530430684,322.62373,46.133274760572576
10057,2,323.04044,0.15749662305887344,355.344484,55.965556252597885
10057,3,239.82193,0.11692388764224546,263.804123,30.8450036372131
10057,4,225.67384,0.11002606272059473,248.24122400000005,27.31300448166121
10057,5,330.83975,0.16129913455616246,363.923725,58.700581886954865
10057,6,290.72903,0.14174336949944072,319.8019330000001,45.3298035558544
10057,7,225.46414,0.10992382461735463,248.010554,27.26226864114896
10058,0,127.039055,0.09294916682806133,139.7429605,12.988991748561686
10058,1,179.89429,0.13162113314386387,197.88371900000004,26.04567932550195
10058,2,142.93185,0.10457726067541541,157.22503500000002,16.442163469896315
10058,3,212.98433,0.15583173238287126,234.28276300000002,36.50868882573565
10058,4,243.79608,0.17837540205212785,268.17568800000004,47.835946167606004
10058,5,171.15025,0.12522348454114682,188.265275,23.575233753597256
10058,6,76.62728,0.056064978067575884,84.290008,4.725717449835796
10058,7,212.33527,0.15535684230893754,233.56879700000002,36.28651076381725
10059,0,111.99334,0.1416468289974054,123.19267400000001,17.449851627811114
10059,1,53.755013,0.06798821371131805,59.1305143,4.020178043088548
10059,2,247.41826,0.3129294292415566,272.16008600000004,85.16690037431297
10059,3,76.63168,0.0969221426269088,84.29484800000002,8.1700372805696
10059,4,58.907303,0.07450472210882671,64.7980333,4.827759464214999
10059,5,93.07371,0.11771767753800451,102.38108100000001,12.05206307915032
10059,6,34.690613,0.043875960190366395,38.1596743,1.6742923504641476
10059,7,114.18202,0.1444150255856136,125.600222,18.138559273688745
10060,0,148.00319,0.0927679306491125,162.803509,15.102944632344162
10060,1,109.846176,0.06885123514728438,120.8307936,8.319349383186584
10060,2,184.46971,0.11562502986686905,202.916681,23.462247301110942
10060,3,254.5741,0.1595662394429487,280.03151,44.68357497623049
10060,4,246.86475,0.15473404328454338,271.551225,42.01821900312078
10060,5,153.88098,0.09645211080151359,169.269078,16.326359866526047
10060,6,236.75565,0.14839769142803985,260.431215,38.647391081799505
10060,7,261.01874,0.16360571937968854,287.120614,46.97457460220787
10061,0,99.83342,0.07469579974908967,109.81676200000001,8.202850863445441
10061,1,80.79321,0.0604498316820775,88.87253100000001,5.372329540110216
10061,2,242.46724,0.1814150452298886,266.71396400000003,48.385925842502886
10061,3,223.33238,0.16709825962055191,245.66561800000002,41.05029721640734
10061,4,140.9166,0.10543441399606032,155.00826,16.34320505764896
10061,5,248.89021,0.18622073936432185,273.77923100000004,50.98337081941547
10061,6,142.81528,0.10685501464329451,157.096808,16.786581719254826
10061,7,157.48491,0.11783089571471568,173.23340100000001,20.412246807536526
10062,0,76.372375,0.05669054883737606,84.00961250000002,4.7625510402402895
10062,1,93.52554,0.06942319383038655,102.87809400000002,7.142125860662729
10062,2,183.81305,0.13644282619169623,202.19435500000003,27.58796923620713
10062,3,164.48026,0.12209226454348591,180.928286,22.089944157711482
10062,4,187.2499,0.13899397001525463,205.97489000000002,28.629267684555373
10062,5,201.08119,0.1492608161258923,221.189309,33.01489677966217
10062,6,237.59056,0.17636140351769244,261.349616,46.09198508656998
10062,7,203.06715,0.1507349769382158,223.37386500000002,33.67025438937513
10063,0,161.03809,0.07679869320113335,177.14189900000002,13.604266354367152
10063,1,266.13977,0.12692144165923847,292.75374700000003,37.15672762038396
10063,2,301.59506,0.14382998757571827,331.754566,47.71625510596781
10063,3,129.23006,0.06162951715525224,142.15306600000002,8.760824819718707
10063,4,332.51196,0.15857418578267737,365.76315600000004,58.00059465200241
10063,5,311.8181,0.1487053317414552,342.99991000000006,51.00591540383928
10063,6,256.53607,0.1223414593091266,282.189677,34.52349688615108
10063,7,338.0167,0.1611993835753984,371.8183700000001,59.93689204600942
10064,0,252.93987,0.18380631655592974,278.23385700000006,51.1411403963193
10064,1,226.6192,0.1646796150122618,249.28112000000002,41.051518871425436
10064,2,167.50862,0.12172514532235247,184.25948200000002,22.429012223471393
10064,3,106.75387,0.07757589035999177,117.42925700000002,9.109679166087297
10064,4,134.85107,0.0979935605261671,148.336177,14.535990139069735
10064,5,154.39796,0.11219789237398509,169.837756,19.05543826872714
10064,6,212.99911,0.15478216952824123,234.299021,36.26531078872295
10064,7,120.05205,0.08723941032107078,132.057255,11.520597054819277
10065,0,71.823135,0.06380876423061121,79.0054485,5.041240036270197
10065,1,189.49774,0.16835267095892797,208.447514,35.09269573664854
10065,2,61.275238,0.054437852298101296,67.40276180000001,3.6692615913525044
10065,3,165.1749,0.146743890404043,181.69239000000002,26.66224816540864
10065,4,76.98066,0.06839078779082594,84.67872600000001,5.791244780263496
10065,5,239.61147,0.21287446999048668,263.57261700000004,56.10788114788055
10065,6,166.55344,0.1479686062820462,183.208784,27.109148427108444
10065,7,154.68326,0.13742295804495772,170.151586,23.382734264161016
10066,0,240.91724,0.13504832394040142,265.008964,35.78901641738218
10066,1,222.75371,0.1248665939681454,245.02908100000002,30.595946767614812
10066,2,204.43007,0.11459511289652388,224.87307700000002,25.76935564620371
10066,3,281.19058,0.15762390660306985,309.30963800000006,48.75459349154136
10066,4,314.68158,0.1763975876276739,346.149738,61.05997874115137
10066,5,125.19075,0.07017679996807953,137.709825,9.664034842664238
10066,6,261.43152,0.14654778795071507,287.574672,42.14343205225244
10066,7,133.33813,0.07474388704539102,146.67194300000003,10.962831140320032
10067,0,123.23023,0.13615095419123904,135.553253,18.455704739676438
10067,1,103.13898,0.11395313099156855,113.45287800000001,12.928310668104448
10067,2,62.111546,0.06862395902525732,68.3227006,4.688574206469324
10067,3,206.23238,0.22785590290734833,226.85561800000002,51.69039166899451
10067,4,122.54193,0.13539048574311693,134.796123,18.250112569258935
10067,5,134.6095,0.14872334384351626,148.07045000000002,22.021532448414185
10067,6,67.87819,0.074995237266653,74.66600900000002,5.599595060709049
10067,7,85.357254,0.09430698603130055,93.8929794,8.85476389671299
10068,0,149.35191,0.1460914169216028,164.287101,24.00093536703247
10068,1,206.51796,0.20200947812558195,227.169756,45.890443855475795
10068,2,224.61803,0.21971440652375376,247.07983300000004,54.2869988715832
10068,3,41.459984,0.040554873440232404,45.6059824,1.8495448443494666
10068,4,78.400986,0.0766894185202636,86.24108460000001,6.613778630530861
10068,5,67.63544,0.06615889454454282,74.39898400000001,4.922154536677129
10068,6,95.45271,0.09336888730051623,104.99798100000001,9.803544654770747
10068,7,158.88115,0.15541262462350638,174.769265,27.161350177171112
10069,0,74.75184,0.07179348126798926,82.22702400000001,5.9033643072665045
10069,1,154.76317,0.1486383043731049,170.23948700000003,25.30410868502724
10069,2,208.7365,0.20047560036910986,229.61015000000003,46.03123267209138
10069,3,164.95634,0.15842807221636376,181.45197400000004,28.747086440673765
10069,4,83.132195,0.07984217759053597,91.4454145,7.301201024349172
10069,5,214.78804,0.20628764624828136,236.26684400000002,48.73893113526988
10069,6,55.42901,0.05323536639550531,60.971911000000006,3.245862021919141
10069,7,84.649414,0.0812993515391095,93.1143554,7.570136713002178
10070,0,218.10149,0.1699419254358427,239.91163900000004,40.771045866128816
10070,1,73.63272,0.05737368512190487,80.99599200000002,4.647038541144327
10070,2,104.576836,0.08148494935008628,115.03451960000001,9.373582003117509
10070,3,169.55147,0.1321123632501434,186.506617,24.639829933659367
10070,4,232.77777,0.181377497386477,256.05554700000005,46.44271430678545
10070,5,186.21448,0.14509597011572098,204.83592800000002,29.720867687713977
10070,6,101.0969,0.07877342718564116,111.20659000000002,8.760124219928452
10070,7,197.4367,0.15384018215418355,217.18037,33.41106768111298
10071,0,137.53014,0.13064125732103365,151.283154,19.763821450051562
10071,1,169.10953,0.16063883614289248,186.020483,29.88211388785872
10071,2,158.16782,0.15024519623499935,173.98460200000002,26.140350669358263
10071,3,144.06575,0.13684949871277458,158.472325,21.686858236097894
10071,4,53.180965,0.05051713124952745,58.4990615,2.955204767769678
10071,5,92.65068,0.08800980880880908,101.91574800000001,8.969585496086767
10071,6,140.27287,0.13324660401588992,154.300157,20.559971919368646
10071,7,157.75354,0.14985166751407344,173.528894,26.003594127772896
10072,0,144.71953,0.10836948884423957,159.191483,17.251499641066452
10072,1,141.9226,0.10627507992491043,156.11486,16.591119223966203
10072,2,164.03783,0.12283549972984482,180.44161300000002,22.164635704914268
10072,3,121.201065,0.09075829268812202,133.32117150000002,12.100001904520314
10072,4,252.35083,0.18896641287129387,277.585913,52.45441424321306
10072,5,170.36429,0.12757290619042086,187.40071900000004,23.907254345004425
10072,6,114.94495,0.08607356226714305,126.43944500000002,10.88309344223051
10072,7,225.8858,0.16914875748402536,248.47438,42.02913264361356
10073,0,154.39671,0.12206184301767782,169.83638100000002,20.730541676312523
10073,1,140.73534,0.11126153515913334,154.80887400000003,17.224272977496845
10073,2,139.58975,0.1103558628378603,153.54872500000002,16.94500203502833
10073,3,152.20334,0.12032782430303238,167.423674,20.14572642924017
10073,4,83.30625,0.06585965730676141,91.63687500000002,6.035173184162534
10073,5,253.91554,0.2007387254769152,279.307094,56.06775006622095
10073,6,232.27664,0.18363159919893152,255.50430400000002,46.91866394572996
10073,7,108.48204,0.085762952699688,119.33024400000001,10.23411407181423
10074,0,101.41273,0.06664656699046348,111.55400300000001,7.4346913339938645
10074,1,214.00719,0.1406415597408318,235.40790900000002,33.1081354970878
10074,2,230.19975,0.15128301012666698,253.219725,38.307842221446826
10074,3,188.93974,0.12416769609762751,207.83371400000001,25.806233438793235
10074,4,182.31361,0.11981312624300947,200.54497100000003,24.027919927823675
10074,5,146.89491,0.09653661290720705,161.584401,15.598810771179922
10074,6,156.63792,0.10293953854241829,172.301712,17.736658723348658
10074,7,301.24387,0.19797188935177537,331.368257,65.60159990949467
10075,0,165.11127,0.10074690253830963,181.622397,18.29789392933318
10075,1,160.25642,0.09778459051813007,176.282062,17.237669248361616
10075,2,286.89813,0.1750582982102511,315.587943,55.24628823725372
10075,3,343.02335,0.2093045496580244,377.325685,78.97598257333057
10075,4,198.13411,0.1208966406089949,217.94752100000002,26.34912311795837
10075,5,256.89676,0.1567521880373612,282.586436,44.29604215267974
10075,6,124.729004,0.07610662076361252,137.20190440000002,10.441973306216221
10075,7,103.82288,0.0633502096653161,114.205168,7.234921337662649
10076,0,193.34041,0.1243931752003513,212.674451,26.45525024388153
10076,1,196.42348,0.12637678983458606,216.06582800000004,27.305705735591825
10076,2,248.88129,0.16012759004214092,273.769419,43.83803729170711
10076,3,134.37433,0.08645502290038498,147.81176299999998,12.779069355111275
10076,4,203.76935,0.13110304490929603,224.14628500000003,29.38626046860687
10076,5,213.0142,0.1370510836341077,234.31562,32.1132096333978
10076,6,171.80952,0.1105404282656081,188.990472,20.89108771299942
10076,7,192.65605,0.12395286521352489,211.92165500000002,26.268296338042123
10077,0,16.69114,0.014643290252537017,18.360254,0.2688545284323038
10077,1,90.762245,0.07962655022406358,99.8384695,7.94979290593539
10077,2,205.10397,0.1799395945787792,225.61436700000002,40.5969577291279
10077,3,268.23822,0.2353278513201543,295.062042,69.43631634999713
10077,4,177.67879,0.15587923255628863,195.446669,30.46607676940297
10077,5,117.19344,0.10281488008687732,128.91278400000002,13.254152428625519
10077,6,246.70386,0.21643555972817055,271.374246,58.735036828820256
10077,7,17.477352,0.015333041253129405,19.2250872,0.2947790551326101
10078,0,109.3909,0.09235529333588421,120.32999000000001,11.113111523554014
10078,1,122.63745,0.10353893851056013,134.901195,13.967526534106081
10078,2,246.42494,0.20804881959082214,271.067434,56.39525967321308
10078,3,123.148735,0.1039706003412356,135.46360850000002,14.084232700135109
10078,4,121.88612,0.10290461424280067,134.074732,13.796908576166885
10078,5,150.25424,0.12685492495408984,165.27966400000003,20.966539373157186
10078,6,138.303,0.11676486923713758,152.13330000000002,17.763824881114225
10078,7,172.4119,0.14556193978746984,189.65309000000002,27.6062716670876
10079,0,166.37259,0.1329633605435627,183.00984900000003,24.33360453560997
10079,1,99.852394,0.0798010649744641,109.83763340000002,8.76516011959477
10079,2,135.10332,0.10797326319072344,148.613652,16.046300961130584
10079,3,118.63425,0.09481134215416825,130.49767500000002,12.37265971474845
10079,4,241.54776,0.19304262740256645,265.702536,51.291915656965
10079,5,68.43784,0.05469485805770443,75.281624,4.117517739033475
10079,6,225.46133,0.18018650854339147,248.00746300000003,44.68759885067435
10079,7,195.85695,0.1565269751334191,215.44264500000003,33.722585536593044
10080,0,226.436,0.1873016802758002,249.07960000000003,46.6530276024242
10080,1,172.15288,0.14240016467486705,189.36816800000003,26.966058307377892
10080,2,191.0271,0.15801240442426692,210.12981,33.203116519314364
10080,3,66.163216,0.0547284068312932,72.77953760000001,3.983108142766201
10080,4,151.09506,0.12498171059095216,166.204566,20.772530966706807
10080,5,117.48733,0.09718231341358011,129.236063,12.559459578803184
10080,6,152.46477,0.12611469732667688,167.711247,21.150853153684544
10080,7,132.11101,0.10927862246256355,145.322111,15.880600103431755
10081,0,153.03107,0.114230890538408,168.334177,19.22896294676
10081,1,191.63063,0.1430437460793822,210.79369300000002,30.152719496627245
10081,2,85.81667,0.06405832905135331,94.39833700000001,6.04699973344654
10081,3,96.70987,0.07218961857846036,106.380857,7.679593490879736
10081,4,240.26797,0.17934935814639144,264.29476700000004,47.40109682290009
10081,5,135.62776,0.10124009331261599,149.190536,15.104063785999196
10081,6,203.95595,0.15224404951953233,224.35154500000002,34.15618772676359
10081,7,232.62459,0.17364391477385632,255.88704900000005,44.43322892828961
10082,0,220.05678,0.112251939560531,242.06245800000002,27.171980405289577
10082,1,189.69986,0.09676674001755907,208.669846,20.192300737386088
10082,2,124.365105,0.0634391916936124,136.8016155,8.678583909700357
10082,3,281.8884,0.1437925231824931,310.07724,44.586788721063485
10082,4,334.91003,0.17083909182791654,368.40103300000004,62.937297906186316
10082,5,301.94653,0.154024264265214,332.141183,51.15780134375281
10082,6,276.80896,0.14120147830815957,304.48985600000003,42.994417797038636
10082,7,230.70721,0.11768477114451431,253.77793100000002,29.865797731263346
10083,0,100.25053,0.13201974473966518,110.27558300000001,14.558554318677762
10083,1,61.759956,0.08133157626451405,67.93595160000001,5.525338028657736
10083,2,136.36325,0.17957652150937406,149.999575,26.936401906384468
10083,3,81.80725,0.10773182209464603,89.987975,9.694568513357455
10083,4,82.67605,0.10887594327016323,90.943655,9.901576222561298
10083,5,170.62904,0.22470107944540663,187.691944,42.174582420006814
10083,6,82.175125,0.10821627602816741,90.3926375,9.781954610614077
10083,7,43.698925,0.05754703664806335,48.06881750000001,2.7662180023015694
10084,0,121.02828,0.09884565371166376,133.131108,13.15943139961811
10084,1,252.75876,0.20643195841128645,278.03463600000003,57.39523441564917
10084,2,69.10094,0.05643579819849092,76.011034,4.289743375682632
10084,3,98.52273,0.08046502563126359,108.375003,8.72039739418327
10084,4,134.9093,0.11018249577935801,148.40023000000002,16.35110771563076
10084,5,231.22606,0.18884587185633298,254.348666,48.032695586265234
10084,6,84.39512,0.06892678972612276,92.83463200000001,6.398793159165988
10084,7,232.47562,0.18986640668548155,255.723182,48.553241672517416
10085,0,87.80829,0.0833744314016058,96.58911900000001,8.05306287620704
10085,1,65.923996,0.06259517959206057,72.51639560000001,4.539176805950912
10085,2,180.47273,0.17135980267063083,198.52000300000003,34.018348540253044
10085,3,96.15741,0.09130196458444965,105.77315100000001,9.657296486587647
10085,4,243.30923,0.23102338863463268,267.64015300000005,61.831135080751565
10085,5,116.67309,0.1107817102305304,128.34039900000002,14.217768892888657
10085,6,106.06583,0.10071006128680314,116.67241300000002,11.75008586370921
10085,7,156.7695,0.14885346159928683,172.44645,25.669251023008336
10086,0,70.73228,0.07426647057366548,77.805508,5.778340470351094
10086,1,87.46,0.09183000344924244,96.206,8.834597311837818
10086,2,58.56042,0.061486434605409174,64.41646200000001,3.9607385782748254
10086,3,186.86867,0.19620570101366738,205.55553700000002,40.331168234325844
10086,4,92.02172,0.09661965315578805,101.223892,9.78021733611895
10086,5,118.12996,0.12403241063639232,129.942956,16.117138077898662
10086,6,171.82956,0.1804151507830072,189.012516,34.100721574015566
10086,7,166.80942,0.17514417578282793,183.490362,32.13726821658273
10087,0,94.92705,0.11383986090550473,104.419755,11.88713038498688
10087,1,54.05643,0.06482637427633275,59.462073000000004,3.8547105995446205
10087,2,92.918785,0.11143147880302294,102.21066350000001,11.389485383243162
10087,3,125.81256,0.15087885202969512,138.39381600000002,20.880700086088854
10087,4,60.46587,0.0725128004117934,66.51245700000001,4.823004519338991
10087,5,132.14297,0.15847050260637283,145.357267,23.03483915897873
10087,6,101.668,0.12192384550600546,111.83480000000002,13.635328877395022
10087,7,171.87311,0.20611628546127278,189.06042100000002,38.96843170426442
10088,0,158.5288,0.15377562376416445,174.38168,26.81565161504292
10088,1,131.87292,0.12791896822912782,145.060212,18.555952650138547
10088,2,142.75111,0.13847099696255102,157.02622100000002,21.74357737113187
10088,3,159.19788,0.1544246427080291,175.117668,27.042483312763263
10088,4,109.33787,0.10605958766038175,120.271657,12.755962348650867
10088,5,93.40331,0.09060279429912811,102.74364100000001,9.308860971066466
10088,6,86.169106,0.08358549376738111,94.78601660000001,7.922735999754184
10088,7,149.64882,0.14516189260923676,164.61370200000002,23.895636531732904
10089,0,87.633385,0.1017523623996348,96.39672350000001,9.808594343709393
10089,1,127.978775,0.14859796518485874,140.7766525,20.91912410703596
10089,2,49.95355,0.058001773214035685,54.948905,3.187133926169592
10089,3,249.11238,0.2892479066966948,274.023618,79.26075789195474
10089,4,100.426575,0.11660671619559262,110.4692325,12.881454442472437
10089,5,54.574528,0.0633672561073045,60.03198080000001,3.8040619019823865
10089,6,85.67506,0.09947852355275852,94.24256600000001,9.3751113215034
10089,7,105.88752,0.12294749664912039,116.47627200000001,14.320466061422035
10090,0,337.78354,0.1759746502467545,371.56189400000005,65.38547434167167
10090,1,239.68996,0.12487096582224987,263.65895600000005,32.92334848340609
10090,2,283.52145,0.1477057999960646,311.873595,46.065538847123655
10090,3,232.9069,0.12133720390151581,256.19759000000005,31.086299216906955
10090,4,313.16296,0.16314809879794132,344.479256,56.20113569172932
10090,5,194.47052,0.10131305314730395,213.917572,21.672642341178218
10090,6,157.65698,0.08213435123114514,173.42267800000002,14.243959146297788
10090,7,160.30882,0.08351587685702482,176.33970200000002,14.727164837236455
10091,0,214.57103,0.16056577399025196,236.02813300000003,37.898039858619136
10091,1,250.82062,0.1876917260592675,275.902682,51.7846506089612
10091,2,91.6598,0.06858999898910723,100.82578000000001,6.915640148275948
10091,3,74.30328,0.05560193127289555,81.733608,4.544546454701786
10091,4,196.01431,0.1466795839042912,215.615741,31.626427173095422
10091,5,174.57956,0.1306397334918774,192.037516,25.087729910682146
10091,6,161.17746,0.120610800137758,177.295206,21.383716656248634
10091,7,173.21745,0.1296204521545512,190.53919500000003,24.697776609064206
10092,0,277.085,0.13363648029893904,304.7935,40.731530557994674
10092,1,310.49924,0.1497519734705796,341.549164,51.14766134622665
10092,2,221.26765,0.10671609776789628,243.394415,25.974102187299923
10092,3,299.9485,0.14466341307160735,329.94335000000007,47.73073113127993
10092,4,279.21057,0.13466163031943465,307.13162700000004,41.3588456144805
10092,5,133.23526,0.06425858923476199,146.55878600000003,9.417660828319388
10092,6,312.6246,0.1507770222092993,343.88706,51.85026688311065
10092,7,239.55254,0.11553479362748185,263.507794,30.444318599023
10093,0,239.74214,0.17488239038094458,263.716354,46.11934637006738
10093,1,140.23105,0.10229299375416337,154.25415500000003,15.779119313968751
10093,2,153.20091,0.11175399264116001,168.521001,18.83289470563492
10093,3,189.37424,0.13814100336209015,208.311664,28.776382276986595
10093,4,63.6066,0.046398494031981985,69.96726000000001,3.2463754955441324
10093,5,213.46184,0.15571195299380713,234.80802400000002,36.56241599565674
10093,6,238.13991,0.1737136270907693,261.95390100000003,45.5049622732863
10093,7,133.1197,0.09710554574508355,146.43167,14.21932722971398
10094,0,170.95766,0.14797612953787487,188.05342600000003,27.82741812581717
10094,1,106.90468,0.09253367632596901,117.59514800000001,10.881511362536424
10094,2,211.3387,0.18292881902785796,232.47257000000002,42.525932686471045
10094,3,104.79247,0.09070540691369935,115.27171700000001,10.455767996125797
10094,4,253.4725,0.21939864814650004,278.81975,61.1726762265451
10094,5,105.77062,0.09155206597014334,116.347682,10.651870657937259
10094,6,86.50408,0.07487549225717462,95.15448800000001,7.1247391294794165
10094,7,115.56495,0.10002976182078083,127.12144500000001,12.71592786566349
10095,0,149.39275,0.11390427850950682,164.33202500000002,18.71812074363124
10095,1,211.53497,0.16128452108539515,232.688467,37.52904796218977
10095,2,204.70215,0.15607484770910798,225.172365,35.14374257567468
10095,3,87.50651,0.06671920750126725,96.25716100000001,6.422201498241891
10095,4,252.85593,0.19278962515584164,278.141523,53.622799959444905
10095,5,96.09812,0.07326986767912103,105.707932,7.745206190273523
10095,6,146.96169,0.11205072045322015,161.65785900000003,18.11387956787508
10095,7,162.51187,0.12390693190654008,178.763057,22.149981931103945
10096,0,115.46588,0.11411560200408458,127.01246800000001,14.494104247844529
10096,1,195.08371,0.19280236731266634,214.592081,41.37386122335145
10096,2,190.78967,0.1885585425600241,209.868637,39.57252432177875
10096,3,43.793625,0.04328149476551972,48.172987500000005,2.0849989063206973
10096,4,160.22969,0.15835593625820762,176.25265900000002,27.910654833943607
10096,5,133.87962,0.13231400853982217,147.267582,19.485564102386963
10096,6,8.13558,0.008040441118643797,8.949138,0.0719550171516177
10096,7,164.45477,0.16253160744103165,180.900247,29.402007931389665
10097,0,154.76488,0.12804212065747705,170.24136800000002,21.798065782349955
10097,1,235.69559,0.19499878249648914,259.265149,50.55638839877085
10097,2,93.31313,0.07720104878049103,102.64444300000001,7.924258651089332
10097,3,117.60651,0.09729976816138636,129.367161,12.587394772996744
10097,4,211.0788,0.17463249529115046,232.18668000000002,40.54733930176786
10097,5,108.89486,0.09009233104499594,119.784346,10.791650953840335
10097,6,156.36484,0.12936582065561056,172.001324,22.251092433111566
10097,7,130.98427,0.10836763291239945,144.08269700000002,15.613900817524481
10098,0,111.899574,0.0983284211963569,123.08953140000001,12.1031992883614
10098,1,152.15894,0.13370514119304153,167.37483400000002,22.37887581213189
10098,2,164.31125,0.14438362202612048,180.742375,26.09623875610333
10098,3,240.85051,0.21164021940456515,264.93556100000006,56.07102025811157
10098,4,155.92369,0.13701330323929725,171.516059,23.4999818021762
10098,5,99.254814,0.08721721457811861,109.1802954,9.522401251604176
10098,6,155.24725,0.13641890171607016,170.77197500000003,23.296525273384194
10098,7,58.37259,0.05129317664642987,64.209849,3.2935271271975886
10099,0,181.30695,0.0902329290943578,199.437645,17.995842880030704
10099,1,215.8784,0.10743846477039855,237.46624000000003,25.51300826039901
10099,2,319.58438,0.15905090621294055,351.542818,55.913203775550826
10099,3,174.60616,0.08689807674067702,192.066776,16.690233440182425
10099,4,230.77136,0.11485040018536806,253.848496,29.154601352053806
10099,5,306.20435,0.15239192651982683,336.824785,51.32937788577647
10099,6,340.0925,0.1692573971269324,374.10175,63.319488465630386
10099,7,240.87724,0.11987989934949878,264.964964,31.76397321546357
10100,0,239.40604,0.17875896314514303,263.346644,47.07557302919311
10100,1,87.412964,0.06526924220493233,96.15426040000001,6.275915711083734
10100,2,168.87234,0.12609307769467332,185.75957400000001,23.42299639691142
10100,3,129.71983,0.09685880235170433,142.69181300000002,13.820958112573356
10100,4,230.2222,0.17190160183508213,253.24442000000002,43.53312145379631
10100,5,177.88414,0.13282198070844606,195.67255400000002,25.989616192560373
10100,6,77.40729,0.05779823641991405,85.148019,4.921405332849334
10100,7,228.34253,0.17049809564010465,251.17678300000003,42.825163170507814
